{
  "feature_order": [
    "motor_speed",
    "motor_current",
    "conveyor_speed",
    "temperature",
    "sensor_1",
    "sensor_2",
    "sensor_3",
    "sensor_4"
  ],
  "means": [
    1499.1756591796875,
    4.47985315322876,
    79.89418029785156,
    44.94405746459961,
    0.699999988079071,
    0.5699999928474426,
    0.4099999964237213,
    0.2800000011920929
  ],
  "stds": [
    20.439149856567383,
    0.2243405133485794,
    1.8977402448654175,
    1.035384178161621,
    0.4582575857639313,
    0.4950758218765259,
    0.49183353781700134,
    0.44899874925613403
  ],
  "ar_coefficients": [
    0.10982590177102344,
    -0.04478621323283833,
    -0.014703623623152338,
    0.06555901314194018,
    -0.10000000000000012,
    -0.13369486223914492,
    0.18531159479328357,
    -0.09557344064386314
  ],
  "window_size": 200,
  "anomaly_threshold": 2.5,
  "is_trained": true,
  "training_samples": 100
}